country,pct_desert,desert_severity
Kenya,0.0,
Kenya,0.0,
Kenya,0.0,
Kenya,0.01596285479186299,Served
Kenya,0.0,
Kenya,0.0,
Kenya,13.809091721097802,Minor Issues
Kenya,0.0,
Kenya,0.0,
Kenya,0.0,
Kenya,11.20400313763408,Minor Issues
Kenya,0.0,
Kenya,0.0,
Kenya,0.0,
Kenya,0.0,
Kenya,0.0,
Kenya,0.0,
Kenya,0.0,
Kenya,26.226344130599756,Minor Issues
Kenya,0.0,
Kenya,0.0,
Kenya,0.0,
Kenya,0.0,
Kenya,0.0,
Kenya,0.0,
Kenya,0.0,
Kenya,0.0,
Kenya,0.0,
Kenya,0.0,
Kenya,0.0,
Kenya,0.0,
Kenya,0.0,
Kenya,0.0,
Kenya,0.0,
Kenya,17.595416427085112,Minor Issues
Kenya,0.0,
Kenya,0.0,
Kenya,11.989647364295516,Minor Issues
Kenya,68.76575436963681,Severe Desert
Kenya,64.73697178473552,Severe Desert
Kenya,82.43091817040562,Severe Desert
Kenya,58.0807215165818,Moderate Desert
Kenya,71.48420977445194,Severe Desert
Kenya,58.94987364121957,Moderate Desert
Kenya,0.0,
Kenya,0.0,
Kenya,2.1637426259387893,Served
Kenya,0.0,
Kenya,3.0224947253052736,Served
Kenya,0.0,
Kenya,0.0,
Kenya,3.857094202215121,Served
Kenya,0.0,
Kenya,73.76917559298529,Severe Desert
Kenya,60.17564684550159,Severe Desert
Kenya,16.314905792026714,Minor Issues
Kenya,13.146892805096028,Minor Issues
Kenya,0.0,
Kenya,37.690603478403794,Moderate Desert
Kenya,34.93137974408621,Moderate Desert
Kenya,0.0,
Kenya,0.0,
Kenya,0.0,
Kenya,0.0,
Kenya,0.0,
Kenya,0.0,
Kenya,0.0,
Kenya,0.0,
Kenya,0.0,
Kenya,0.0,
Kenya,0.0,
Kenya,0.0,
Kenya,6.460138261022757,Served
Kenya,0.0,
Kenya,0.0,
Kenya,0.0,
Kenya,0.0,
Kenya,0.0,
Kenya,0.0,
Kenya,0.0,
Kenya,0.0,
Kenya,0.0,
Kenya,0.0,
Kenya,0.0,
Kenya,0.0,
Kenya,0.0,
Kenya,0.0,
Kenya,0.0,
Kenya,0.0,
Kenya,20.452639774049803,Minor Issues
Kenya,0.19133787877765784,Served
Kenya,0.0,
Kenya,0.0,
Kenya,60.739184585218936,Severe Desert
Kenya,0.0006630165450326411,Served
Kenya,0.0,
Kenya,23.57896438728965,Minor Issues
Kenya,18.987562181023357,Minor Issues
Kenya,0.0,
Kenya,3.3395697237807775,Served
Kenya,0.0,
Kenya,0.0,
Kenya,0.0,
Kenya,0.0,
Kenya,0.0,
Kenya,0.0,
Kenya,0.0,
Kenya,0.0,
Kenya,0.0,
Kenya,1.1814667477800258,Served
Kenya,0.6536452743924135,Served
Kenya,0.13479920064067136,Served
Kenya,0.0,
Kenya,0.04183174640338318,Served
Kenya,16.556877968158386,Minor Issues
Kenya,1.4828424948388772,Served
Kenya,0.0,
Kenya,30.634988156659883,Moderate Desert
Kenya,0.05805280499980728,Served
Kenya,70.27930683372327,Severe Desert
Kenya,0.0,
Kenya,27.706277208528803,Minor Issues
Kenya,23.311668829408116,Minor Issues
Kenya,0.0,
Kenya,32.48225805571867,Moderate Desert
Kenya,32.677804309917,Moderate Desert
Kenya,0.0,
Kenya,0.0,
Kenya,0.6582843035711551,Served
Kenya,36.19065627964069,Moderate Desert
Kenya,14.120851466435571,Minor Issues
Kenya,69.59222357342999,Severe Desert
Kenya,41.243815582576765,Moderate Desert
Kenya,0.0,
Kenya,0.0,
Kenya,0.0,
Kenya,0.0,
Kenya,0.0,
Kenya,4.541606419317024,Served
Kenya,0.0,
Kenya,58.491388006259456,Moderate Desert
Kenya,0.0,
Kenya,0.0,
Kenya,18.329348162895702,Minor Issues
Kenya,12.025965510889993,Minor Issues
Kenya,1.5738107001617827,Served
Kenya,0.0,
Kenya,0.0,
Kenya,53.44441384061289,Moderate Desert
Kenya,66.46704282875464,Severe Desert
Kenya,73.06438915935188,Severe Desert
Kenya,70.53288063372877,Severe Desert
Kenya,61.217210496225995,Severe Desert
Kenya,66.01111902857814,Severe Desert
Kenya,51.85217783579874,Moderate Desert
Kenya,80.43603148156255,Severe Desert
Kenya,65.3194395372716,Severe Desert
Kenya,89.00463923482656,Severe Desert
Kenya,46.62120061771916,Moderate Desert
Kenya,15.103103419724459,Minor Issues
Kenya,5.411434717709412,Served
Kenya,18.875608043319623,Minor Issues
Kenya,46.769011149087405,Moderate Desert
Kenya,52.50502434800882,Moderate Desert
Kenya,0.0,
Kenya,14.431595194053264,Minor Issues
Kenya,8.934309587896088,Served
Kenya,0.0,
Kenya,0.0,
Kenya,0.0,
Kenya,0.0,
Kenya,0.0,
Kenya,16.176485579123508,Minor Issues
Kenya,0.0,
Kenya,0.0,
Kenya,0.0,
Kenya,0.0,
Kenya,0.0,
Kenya,0.0,
Kenya,0.0,
Kenya,0.0,
Kenya,0.0,
Kenya,0.0,
Kenya,0.0,
Kenya,0.0,
Kenya,10.405240545546084,Minor Issues
Kenya,0.005601690732748451,Served
Kenya,0.0,
Kenya,0.0,
Kenya,14.550314034157491,Minor Issues
Kenya,0.0,
Kenya,0.0,
Kenya,0.0,
Kenya,0.0,
Kenya,0.0,
Kenya,0.0,
Kenya,0.0,
Kenya,0.0,
Kenya,0.0,
Kenya,0.0,
Kenya,0.0,
Kenya,0.0,
Kenya,0.0,
Kenya,0.0,
Kenya,0.0,
Kenya,0.0,
Kenya,0.0,
Kenya,0.0,
Kenya,2.622609868346557,Served
Kenya,0.0,
Kenya,0.0,
Kenya,0.0,
Kenya,5.618158038000165,Served
Kenya,0.0,
Kenya,0.0,
Kenya,0.0,
Kenya,0.0,
Kenya,0.0,
Kenya,0.0,
Kenya,0.0,
Kenya,0.0,
Kenya,0.0,
Kenya,0.0,
Kenya,0.0,
Kenya,0.0,
Kenya,10.539582605977818,Minor Issues
Kenya,14.680672294123127,Minor Issues
Kenya,6.059803034364779,Served
Kenya,20.21297969473447,Minor Issues
Kenya,26.237239142945416,Minor Issues
Kenya,0.0,
Kenya,0.0,
Kenya,0.0,
Kenya,0.0,
Kenya,0.11331943958467904,Served
Kenya,0.0,
Kenya,3.110067391184694,Served
Kenya,0.0,
Kenya,0.0,
Kenya,11.134271319323004,Minor Issues
Kenya,14.779029602659286,Minor Issues
Kenya,0.0,
Kenya,0.0,
Kenya,23.095571900065035,Minor Issues
Kenya,14.6503373958084,Minor Issues
Kenya,62.81237571056536,Severe Desert
Kenya,47.42469645968916,Moderate Desert
Kenya,18.927221578557628,Minor Issues
Kenya,0.0,
Kenya,10.136904335194576,Minor Issues
Kenya,0.0,
Kenya,0.0,
Kenya,0.0,
Kenya,0.0,
Kenya,66.64702338445355,Severe Desert
Kenya,73.02593845620767,Severe Desert
Kenya,70.69713643025888,Severe Desert
Kenya,30.482954088273196,Moderate Desert
Kenya,71.96868401757672,Severe Desert
Kenya,69.52692501604024,Severe Desert
Kenya,84.43622448394413,Severe Desert
Kenya,9.91844464623638,Served
Kenya,0.0,
Kenya,18.013507637852758,Minor Issues
Kenya,6.522265881817492,Served
Kenya,0.0,
Kenya,13.269016738711695,Minor Issues
Kenya,0.0,
Kenya,0.0,
Kenya,0.0,
Kenya,0.0,
Kenya,52.74200336360188,Moderate Desert
Kenya,38.48145386379222,Moderate Desert
Kenya,79.25250674834945,Severe Desert
Kenya,64.94479689955809,Severe Desert
Kenya,40.40287534602099,Moderate Desert
Kenya,74.6690394409112,Severe Desert
Kenya,56.4180322784574,Moderate Desert
Kenya,0.0,
Kenya,0.0,
Kenya,0.0,
Kenya,0.0,
Kenya,0.0,
Kenya,0.0,
Kenya,0.0,
Kenya,0.0,
Kenya,0.0,
Kenya,0.0,
Kenya,0.0,
Kenya,35.88536704294218,Moderate Desert
Kenya,54.045796271711644,Moderate Desert
Kenya,59.86780613558902,Moderate Desert
Kenya,57.9815454651515,Moderate Desert
Kenya,75.60898497747823,Severe Desert
Kenya,65.27984042690561,Severe Desert
Kenya,30.045024094834957,Moderate Desert
Kenya,6.332578654418549,Served
Kenya,0.0,
Kenya,18.532560883533222,Minor Issues
Kenya,0.0,
Ethiopia,0.0,
Ethiopia,82.29739762450444,Severe Desert
Ethiopia,85.02802756438389,Severe Desert
Ethiopia,75.82186209152266,Severe Desert
Ethiopia,71.96498374471058,Severe Desert
Ethiopia,56.04485234422419,Moderate Desert
Ethiopia,29.35794754445677,Minor Issues
Ethiopia,7.93706660826036,Served
Ethiopia,0.0,
Ethiopia,7.470222650523783,Served
Ethiopia,8.317006123583687,Served
Ethiopia,15.54251533183098,Minor Issues
Ethiopia,12.488887829775326,Minor Issues
Ethiopia,10.602273655391551,Minor Issues
Ethiopia,7.15972247137183,Served
Ethiopia,27.985534392326706,Minor Issues
Ethiopia,5.729912465425376,Served
Ethiopia,37.589703902291504,Moderate Desert
Ethiopia,40.20548846855589,Moderate Desert
Ethiopia,63.46595944213816,Severe Desert
Ethiopia,67.74912795788424,Severe Desert
Ethiopia,10.889367308859365,Minor Issues
Ethiopia,74.1566614592883,Severe Desert
Ethiopia,33.52003445302416,Moderate Desert
Ethiopia,73.77327516961674,Severe Desert
Ethiopia,0.0,
Ethiopia,20.100383552835257,Minor Issues
Ethiopia,63.80794017254306,Severe Desert
Ethiopia,58.887209158359276,Moderate Desert
Ethiopia,10.799153446913278,Minor Issues
Ethiopia,42.33972077600142,Moderate Desert
Ethiopia,17.267618133098267,Minor Issues
Ethiopia,18.40615019301619,Minor Issues
Ethiopia,15.564202532688217,Minor Issues
Ethiopia,32.73848054204501,Moderate Desert
Ethiopia,12.747862436234994,Minor Issues
Ethiopia,40.131734197113616,Moderate Desert
Ethiopia,23.472751257107088,Minor Issues
Ethiopia,12.558024248082681,Minor Issues
Ethiopia,48.495344691776424,Moderate Desert
Ethiopia,11.130352499076242,Minor Issues
Ethiopia,12.892085711328194,Minor Issues
Ethiopia,16.48201027267881,Minor Issues
Ethiopia,93.22703059246828,Severe Desert
Ethiopia,98.1212541315386,Severe Desert
Ethiopia,61.49769206697124,Severe Desert
Ethiopia,94.28530739025695,Severe Desert
Ethiopia,95.12704454564938,Severe Desert
Ethiopia,91.30939321837148,Severe Desert
Ethiopia,90.11243062594613,Severe Desert
Ethiopia,95.17285708361776,Severe Desert
Ethiopia,83.45045869243745,Severe Desert
Ethiopia,7.916469305798139,Served
Ethiopia,33.32155489154681,Moderate Desert
Ethiopia,9.784025859826837,Served
Ethiopia,17.62894943013139,Minor Issues
Ethiopia,60.339125900621646,Severe Desert
Ethiopia,20.561246115147522,Minor Issues
Ethiopia,26.68957806316012,Minor Issues
Ethiopia,64.97245446714416,Severe Desert
Ethiopia,5.54699962911825,Served
Ethiopia,18.52215577440983,Minor Issues
Ethiopia,0.0,
Ethiopia,19.552409500406178,Minor Issues
Ethiopia,6.834571389332853,Served
Ethiopia,21.098891696045623,Minor Issues
Ethiopia,0.0,
Ethiopia,12.437069933867223,Minor Issues
Ethiopia,65.66161553983171,Severe Desert
Ethiopia,10.192533123573643,Minor Issues
Ethiopia,13.780930729955099,Minor Issues
Ethiopia,0.4758353357339512,Served
Ethiopia,11.049160481937932,Minor Issues
Ethiopia,8.963662870441551,Served
Ethiopia,4.211207208503115,Served
Ethiopia,2.880404608258074,Served
Ethiopia,44.30150759397345,Moderate Desert
Ethiopia,8.590603291786035,Served
Ethiopia,19.443522090851324,Minor Issues
Tanzania,0.46931979452681455,Served
Tanzania,0.0,
Tanzania,10.952028770506788,Minor Issues
Tanzania,58.426562537723115,Moderate Desert
Tanzania,57.45611394064415,Moderate Desert
Tanzania,40.44286687029787,Moderate Desert
Tanzania,0.19778056678319056,Served
Tanzania,31.41263258361234,Moderate Desert
Tanzania,55.314470539114076,Moderate Desert
Tanzania,0.0,
Tanzania,0.0,
Tanzania,0.007415263846669637,Served
Tanzania,9.588110587856187,Served
Tanzania,15.985680406342288,Minor Issues
Tanzania,20.328515521695437,Minor Issues
Tanzania,0.0,
Tanzania,32.06231721619487,Moderate Desert
Tanzania,1.6085711013790454,Served
Tanzania,11.132149872790137,Minor Issues
Tanzania,79.29388932747582,Severe Desert
Tanzania,10.850742384218563,Minor Issues
Tanzania,4.10337410907856,Served
Tanzania,17.9198525640792,Minor Issues
Tanzania,7.8796891758334695,Served
Tanzania,1.7108647150784182,Served
Tanzania,57.671266404041944,Moderate Desert
Tanzania,0.0,
Tanzania,30.381957132634323,Moderate Desert
Tanzania,9.894850509919747,Served
Tanzania,6.201643618634365,Served
Tanzania,53.280242497705544,Moderate Desert
Tanzania,0.0,
Tanzania,0.0,
Tanzania,39.09822512038843,Moderate Desert
Tanzania,4.576272687531679,Served
Tanzania,78.16870555329419,Severe Desert
Tanzania,9.73361419698534,Served
Tanzania,16.777442738284385,Minor Issues
Tanzania,10.306594658052685,Minor Issues
Tanzania,99.99999999999996,Severe Desert
Tanzania,99.99999999999999,Severe Desert
Tanzania,100.00000000000003,
Tanzania,99.99999999999999,Severe Desert
Tanzania,99.65993203725786,Severe Desert
Tanzania,83.1995558658942,Severe Desert
Tanzania,81.25657955660995,Severe Desert
Tanzania,75.89510718498366,Severe Desert
Tanzania,0.0,
Tanzania,0.0,
Tanzania,15.888810768984838,Minor Issues
Tanzania,42.08062489776712,Moderate Desert
Tanzania,0.0,
Tanzania,79.81490732023609,Severe Desert
Tanzania,0.0,
Tanzania,0.0,
Tanzania,72.23873713634892,Severe Desert
Tanzania,42.65070721159069,Moderate Desert
Tanzania,11.4736435479562,Minor Issues
Tanzania,0.9655799342844129,Served
Tanzania,0.0,
Tanzania,2.806236434341633,Served
Tanzania,27.664003266419986,Minor Issues
Tanzania,36.763700237428864,Moderate Desert
Tanzania,14.004090162824742,Minor Issues
Tanzania,100.00000000000004,
Tanzania,100.00000000000009,
Tanzania,100.00000000000003,
Tanzania,100.0,Severe Desert
Tanzania,50.647464990031736,Moderate Desert
Tanzania,4.373539581121901,Served
Tanzania,0.6862309899515693,Served
Tanzania,81.94947613293466,Severe Desert
Tanzania,27.977109695421884,Minor Issues
Tanzania,1.4254433424853716,Served
Tanzania,37.87754055903362,Moderate Desert
Tanzania,0.0,
Tanzania,4.572004834928969,Served
Tanzania,57.02212155269694,Moderate Desert
Tanzania,36.58724452068414,Moderate Desert
Tanzania,21.792741936074616,Minor Issues
Tanzania,64.05763706233647,Severe Desert
Tanzania,19.00378588394764,Minor Issues
Tanzania,0.19050937896150894,Served
Tanzania,74.47803375468104,Severe Desert
Tanzania,0.6379507407878551,Served
Tanzania,0.0,
Tanzania,0.0,
Tanzania,64.55031697473322,Severe Desert
Tanzania,0.0,
Tanzania,72.80669688905922,Severe Desert
Tanzania,0.0,
Tanzania,63.79901504273695,Severe Desert
Tanzania,1.0874537792081,Served
Tanzania,0.0,
Tanzania,0.0,
Tanzania,99.99999999999999,Severe Desert
Tanzania,99.99999999999997,Severe Desert
Tanzania,100.00000000000001,
Tanzania,0.34450462737405557,Served
Tanzania,60.26168545369114,Severe Desert
Tanzania,30.801824265865474,Moderate Desert
Tanzania,52.6475681373686,Moderate Desert
Tanzania,0.021288931446785137,Served
Tanzania,21.811769038325895,Minor Issues
Tanzania,73.81522325794856,Severe Desert
Tanzania,13.604661101698333,Minor Issues
Tanzania,0.0,
Tanzania,0.5107726977593436,Served
Tanzania,0.0,
Tanzania,27.00158695874337,Minor Issues
Tanzania,0.011955976828032984,Served
Tanzania,0.03135933199433629,Served
Tanzania,0.4398061966911757,Served
Tanzania,1.2231123267981432,Served
Tanzania,64.01672913981697,Severe Desert
Tanzania,0.0,
Tanzania,0.0,
Tanzania,0.0,
Tanzania,0.2696890038299641,Served
Tanzania,0.03650100163015299,Served
Tanzania,19.46622217581983,Minor Issues
Tanzania,7.488343332872564,Served
Tanzania,11.105736570055265,Minor Issues
Tanzania,19.47871101466318,Minor Issues
Tanzania,9.239580152357016,Served
Tanzania,10.2823295332931,Minor Issues
Tanzania,19.42896088542435,Minor Issues
Tanzania,2.7654869910518585,Served
Tanzania,0.4084713217797263,Served
Tanzania,28.52425330293593,Minor Issues
Tanzania,0.08792978848169682,Served
Tanzania,0.09478098553694587,Served
Tanzania,44.80273575054071,Moderate Desert
Tanzania,6.076909822612664,Served
Tanzania,86.32390752861876,Severe Desert
Tanzania,53.94209856946155,Moderate Desert
Tanzania,41.198935591529825,Moderate Desert
Tanzania,6.574888088236403,Served
Tanzania,0.7255825838377367,Served
Tanzania,5.30611592787366,Served
Tanzania,68.05129985628298,Severe Desert
Tanzania,13.9491911699522,Minor Issues
Tanzania,47.86789845605543,Moderate Desert
Tanzania,0.0,
Tanzania,47.22554660061732,Moderate Desert
Tanzania,13.150377147647779,Minor Issues
Tanzania,1.6639304379437287,Served
Tanzania,0.6208582312989691,Served
Tanzania,1.1802651540975422,Served
Tanzania,0.0,
Tanzania,37.63997064133837,Moderate Desert
Tanzania,2.268972121214351,Served
Tanzania,52.60517391887648,Moderate Desert
Tanzania,95.97357505051845,Severe Desert
Tanzania,32.68143600145066,Moderate Desert
Tanzania,0.0030083975747397865,Served
Tanzania,36.6804452243958,Moderate Desert
Tanzania,35.06984031614082,Moderate Desert
Tanzania,11.658256206869401,Minor Issues
Tanzania,70.39185122202477,Severe Desert
Tanzania,3.906977824409225,Served
Tanzania,6.1397001519581975,Served
Tanzania,0.0,
Tanzania,0.18430291819270456,Served
Tanzania,80.96294522638046,Severe Desert
Tanzania,7.25890808187109,Served
Tanzania,4.383817444950706,Served
Tanzania,77.18086127808276,Severe Desert
Tanzania,0.051412148111154174,Served
Tanzania,19.12461721245502,Minor Issues
Tanzania,60.21422124258108,Severe Desert
Tanzania,13.022897596139591,Minor Issues
Tanzania,79.201766218237,Severe Desert
Tanzania,0.005305714756536011,Served
Tanzania,52.54354650291843,Moderate Desert
Tanzania,40.86386980217098,Moderate Desert
Tanzania,19.05637130476123,Minor Issues
Tanzania,15.26553971789614,Minor Issues
Tanzania,17.16166995485534,Minor Issues
Tanzania,15.417716651396098,Minor Issues
Tanzania,0.0,
Tanzania,29.877811912370714,Minor Issues
Tanzania,14.290998189293466,Minor Issues
Tanzania,0.0,
Tanzania,22.95369442548332,Minor Issues
Tanzania,0.0,
Uganda,28.770199312034467,Minor Issues
Uganda,0.14548155840595367,Served
Uganda,1.335883638973204,Served
Uganda,3.2226913642387993,Served
Uganda,0.03736953164259481,Served
Uganda,0.0,
Uganda,0.0,
Uganda,5.185877193239537,Served
Uganda,0.0017438552734755372,Served
Uganda,0.0,
Uganda,0.012672635636813917,Served
Uganda,0.0,
Uganda,1.8874621276164285,Served
Uganda,1.5316318948179544,Served
Uganda,21.236944346380227,Minor Issues
Uganda,0.3058066470450475,Served
Uganda,23.14480723701833,Minor Issues
Uganda,7.843641630831655,Served
Uganda,0.0,
Uganda,0.0,
Uganda,0.0,
Uganda,6.40795269316248,Served
Uganda,0.0,
Uganda,20.365508771638236,Minor Issues
Uganda,43.12237184368914,Moderate Desert
Uganda,4.034593732943883,Served
Uganda,0.7611287726703546,Served
Uganda,1.962279373789101,Served
Uganda,0.0,
Uganda,0.0,
Uganda,0.0,
Uganda,0.0,
Uganda,0.0,
Uganda,0.0,
Uganda,0.0,
Uganda,0.0,
Uganda,0.0,
Uganda,0.0,
Uganda,0.0,
Uganda,0.03687287359788823,Served
Uganda,5.259196190994899,Served
Uganda,0.0,
Uganda,2.7320986136381613,Served
Uganda,0.10155359079277729,Served
Uganda,2.0969280293039656,Served
Uganda,14.279761156099713,Minor Issues
Uganda,0.0,
Uganda,5.724195293439662,Served
Uganda,0.0,
Uganda,0.0,
Uganda,0.0,
Uganda,4.131986340351677,Served
Uganda,0.28526137692513176,Served
Uganda,4.237718174586593,Served
Uganda,16.870649017196413,Minor Issues
Uganda,6.752137500200768,Served
Uganda,6.063716689389655,Served
Uganda,4.204659084051012,Served
Uganda,8.295636001178462,Served
Uganda,0.07295514462089722,Served
Uganda,0.6223507977500606,Served
Uganda,3.0888078989901784,Served
Uganda,3.0146651100377664,Served
Uganda,0.0,
Uganda,1.9436852124149404,Served
Uganda,1.4410257383328926,Served
Uganda,5.084339818956995,Served
Uganda,12.875542009864606,Minor Issues
Uganda,0.0,
Uganda,75.82839300809931,Severe Desert
Uganda,31.553255191282734,Moderate Desert
Uganda,51.039242532693315,Moderate Desert
Uganda,40.50919432763514,Moderate Desert
Uganda,31.72584506919347,Moderate Desert
Uganda,0.015522035154419295,Served
Uganda,2.1818218899608284,Served
Uganda,0.0,
Uganda,1.7501843401229995,Served
Uganda,0.47072566496868024,Served
Uganda,62.28772643436839,Severe Desert
Uganda,71.97916827223864,Severe Desert
Uganda,0.00018058499200975206,Served
Uganda,0.0,
Uganda,6.386368193168516,Served
Uganda,0.0,
Uganda,7.500663528104257,Served
Uganda,2.1927476479916015,Served
Uganda,5.027886647729556,Served
Uganda,2.2150800153949763,Served
Uganda,38.05323714014538,Moderate Desert
Uganda,0.0,
Uganda,0.02092551970136005,Served
Uganda,0.0,
Uganda,0.0,
Uganda,16.957995033155637,Minor Issues
Uganda,10.590805430558833,Minor Issues
Uganda,12.559945363369748,Minor Issues
Uganda,42.18742787223231,Moderate Desert
Uganda,3.6287309607708718,Served
Uganda,0.7466018282604809,Served
Uganda,0.0,
Uganda,11.455512631899529,Minor Issues
Uganda,0.0,
Uganda,0.04400767277895902,Served
Uganda,0.0,
Uganda,0.0,
Uganda,0.0,
Uganda,0.5938130481485336,Served
Uganda,0.0,
Uganda,4.076459877968398,Served
Uganda,0.0,
Uganda,52.995317792173516,Moderate Desert
Uganda,59.452291683648774,Moderate Desert
Uganda,0.0,
Uganda,0.3512054257492998,Served
Uganda,0.14388961608961842,Served
Uganda,0.0,
Uganda,13.181127534670727,Minor Issues
Uganda,0.17770279574762793,Served
Uganda,0.0,
Uganda,2.442951988347506,Served
Uganda,0.0,
Uganda,0.0,
Uganda,0.6443135255869835,Served
Uganda,0.4882738481045675,Served
Uganda,1.0975061243859974,Served
Uganda,1.229931350767436,Served
Uganda,38.04661622663564,Moderate Desert
Uganda,11.844382773826954,Minor Issues
Uganda,11.688954902137734,Minor Issues
Uganda,1.6831466815812592,Served
Uganda,0.0,
Uganda,0.22529804860289634,Served
Uganda,0.0,
Uganda,0.0,
Uganda,0.0,
Uganda,0.0,
Uganda,9.20552133106671,Served
Uganda,9.475216657687882,Served
Uganda,0.0,
Uganda,0.0,
Uganda,0.0,
Uganda,1.0598942585447781,Served
Uganda,0.0,
Uganda,0.7542485400735441,Served
Uganda,0.0,
Uganda,0.07856785399012703,Served
Uganda,2.413606317267842,Served
Uganda,0.0,
Uganda,15.343594729761449,Minor Issues
Uganda,13.796847660254384,Minor Issues
Uganda,0.0,
Uganda,20.106113238936803,Minor Issues
Uganda,27.182025049870937,Minor Issues
Uganda,5.285653593204397,Served
Uganda,0.3530029000460519,Served
Uganda,0.0,
Uganda,0.0,
Uganda,0.0,
Uganda,0.0,
Uganda,0.0,
Uganda,0.0,
Uganda,0.0,
Uganda,0.0,
Uganda,0.0,
Uganda,3.7331713747784,Served
Rwanda,0.0,
Rwanda,0.0,
Rwanda,0.0,
Rwanda,0.0,
Rwanda,0.0,
Rwanda,0.4416912017975061,Served
Rwanda,0.0,
Rwanda,0.0,
Rwanda,0.0,
Rwanda,0.46405847838032016,Served
Rwanda,0.0,
Rwanda,5.276746444444115,Served
Rwanda,0.0,
Rwanda,0.09183303282243968,Served
Rwanda,20.662640796203306,Minor Issues
Rwanda,25.407733552217397,Minor Issues
Rwanda,1.688275223627786,Served
Rwanda,0.0,
Rwanda,5.305274232325827,Served
Rwanda,0.0,
Rwanda,2.660727949695161,Served
Rwanda,0.0,
Rwanda,0.0,
Rwanda,1.5053310816049894,Served
Rwanda,0.0015686402905371933,Served
Rwanda,17.068284924210946,Minor Issues
Rwanda,5.874063191749258,Served
Rwanda,0.0,
Rwanda,0.0,
Rwanda,0.0,
